"['A','♥']",2,"[['0.52', '0.46'], ['0.52', '0.61']]"
"['A','♦']",4,"[['0.66', '0.52'], ['0.52', '0.43'], ['0.37', '0.52'], ['0.51', '0.61']]"
"['2','♥']",5,"[['0.53', '0.13'], ['0.52', '0.28'], ['0.50', '0.75'], ['0.49', '0.89'], ['0.67', '0.98']]"
"['A','♣']",6,"[['0.48', '0.60'], ['0.56', '0.60'], ['0.55', '0.52'], ['0.49', '0.52'], ['0.51', '0.55'], ['0.54', '0.55']]"
"['3','♥']",6,"[['0.49', '0.90'], ['0.51', '0.61'], ['0.52', '0.29'], ['0.52', '0.46'], ['0.53', '0.14'], ['0.50', '0.75']]"
"['2','♦']",8,"[['0.50', '0.74'], ['0.37', '0.20'], ['0.35', '0.83'], ['0.66', '0.20'], ['0.51', '0.29'], ['0.49', '0.91'], ['0.52', '0.11'], ['0.63', '0.83']]"
"['4','♥']",8,"[['0.87', '0.14'], ['0.84', '0.75'], ['0.16', '0.76'], ['0.15', '0.91'], ['0.87', '0.29'], ['0.84', '0.90'], ['0.18', '0.13'], ['0.17', '0.29']]"
"['2','♠']",10,"[['0.55', '0.29'], ['0.53', '0.11'], ['0.54', '0.74'], ['0.48', '0.74'], ['0.49', '0.29'], ['0.50', '0.92'], ['0.54', '0.24'], ['0.51', '0.24'], ['0.52', '0.80'], ['0.49', '0.80']]"
"['5','♥']",10,"[['0.51', '0.61'], ['0.52', '0.46'], ['0.87', '0.29'], ['0.87', '0.14'], ['0.84', '0.75'], ['0.16', '0.75'], ['0.16', '0.91'], ['0.19', '0.13'], ['0.18', '0.29'], ['0.83', '0.89']]"
"['2','♣']",12,"[['0.60', '0.75'], ['0.58', '0.27'], ['0.50', '0.27'], ['0.53', '0.76'], ['0.50', '0.18'], ['0.57', '0.18'], ['0.60', '0.84'], ['0.54', '0.84'], ['0.52', '0.21'], ['0.55', '0.21'], ['0.58', '0.81'], ['0.54', '0.81']]"
"['3','♦']",12,"[['0.36', '0.52'], ['0.51', '0.43'], ['0.50', '0.74'], ['0.65', '0.52'], ['0.37', '0.20'], ['0.53', '0.11'], ['0.51', '0.29'], ['0.50', '0.60'], ['0.49', '0.91'], ['0.35', '0.83'], ['0.63', '0.83'], ['0.66', '0.20']]"
"['6','♥']",12,"[['0.85', '0.61'], ['0.85', '0.46'], ['0.16', '0.76'], ['0.18', '0.13'], ['0.84', '0.75'], ['0.87', '0.14'], ['0.17', '0.46'], ['0.16', '0.61'], ['0.86', '0.29'], ['0.84', '0.90'], ['0.17', '0.29'], ['0.15', '0.91']]"
"['4','♦']",14,"[['0.87', '0.12'], ['0.14', '0.75'], ['0.14', '0.93'], ['0.87', '0.30'], ['0.84', '0.75'], ['0.97', '0.83'], ['0.83', '0.92'], ['0.17', '0.11'], ['0.29', '0.84'], ['0.73', '0.21'], ['0.16', '0.29'], ['0.69', '0.83'], ['0.31', '0.21'], ['0.02', '0.20']]"
"['7','♥']",14,"[['0.86', '0.29'], ['0.85', '0.61'], ['0.52', '0.45'], ['0.16', '0.76'], ['0.15', '0.91'], ['0.84', '0.75'], ['0.53', '0.30'], ['0.86', '0.46'], ['0.17', '0.61'], ['0.18', '0.13'], ['0.83', '0.90'], ['0.17', '0.46'], ['0.87', '0.14'], ['0.18', '0.29']]"
"['3','♠']",15,"[['0.46', '0.74'], ['0.47', '0.60'], ['0.48', '0.29'], ['0.54', '0.60'], ['0.55', '0.29'], ['0.53', '0.74'], ['0.49', '0.91'], ['0.52', '0.11'], ['0.49', '0.55'], ['0.51', '0.43'], ['0.52', '0.55'], ['0.50', '0.23'], ['0.53', '0.23'], ['0.48', '0.80'], ['0.51', '0.80']]"
"['8','♥']",16,"[['0.19', '0.75'], ['0.88', '0.60'], ['0.88', '0.45'], ['0.54', '0.59'], ['0.19', '0.90'], ['0.88', '0.29'], ['0.19', '0.46'], ['0.88', '0.73'], ['0.54', '0.74'], ['0.88', '0.14'], ['0.19', '0.29'], ['0.54', '0.29'], ['0.19', '0.61'], ['0.18', '0.14'], ['0.87', '0.88'], ['0.54', '0.45']]"
"['3','♣']",18,"[['0.55', '0.61'], ['0.48', '0.61'], ['0.48', '0.76'], ['0.55', '0.76'], ['0.49', '0.19'], ['0.48', '0.28'], ['0.56', '0.28'], ['0.55', '0.52'], ['0.49', '0.52'], ['0.56', '0.19'], ['0.54', '0.85'], ['0.51', '0.22'], ['0.48', '0.85'], ['0.50', '0.55'], ['0.54', '0.55'], ['0.54', '0.22'], ['0.49', '0.82'], ['0.53', '0.82']]"
"['5','♦']",19,"[['0.67', '0.51'], ['0.86', '0.28'], ['0.53', '0.60'], ['0.19', '0.92'], ['0.88', '0.73'], ['0.15', '0.11'], ['0.85', '0.10'], ['0.52', '0.42'], ['0.88', '0.90'], ['0.19', '0.74'], ['0.74', '0.82'], ['0.71', '0.20'], ['0.05', '0.84'], ['0.38', '0.52'], ['0.31', '0.20'], ['1.00', '0.19'], ['0.01', '0.20'], ['0.16', '0.29'], ['0.34', '0.83']]"
"['9','♥']",19,"[['0.88', '0.53'], ['0.88', '0.34'], ['0.88', '0.28'], ['0.88', '0.49'], ['0.19', '0.28'], ['0.19', '0.54'], ['0.19', '0.75'], ['0.19', '0.69'], ['0.54', '0.45'], ['0.88', '0.13'], ['0.19', '0.35'], ['0.54', '0.60'], ['0.19', '0.13'], ['0.88', '0.67'], ['0.19', '0.50'], ['0.86', '0.88'], ['0.88', '0.73'], ['0.18', '0.90'], ['0.14', '0.71']]"
"['4','♠']",20,"[['0.84', '0.30'], ['0.82', '0.74'], ['0.88', '0.12'], ['0.21', '0.29'], ['0.18', '0.11'], ['0.90', '0.30'], ['0.14', '0.29'], ['0.86', '0.24'], ['0.19', '0.75'], ['0.15', '0.93'], ['0.88', '0.74'], ['0.89', '0.24'], ['0.12', '0.75'], ['0.84', '0.92'], ['0.19', '0.24'], ['0.16', '0.24'], ['0.83', '0.80'], ['0.13', '0.81'], ['0.86', '0.80'], ['0.17', '0.81']]"
"['10','♥']",20,"[['0.87', '0.53'], ['0.87', '0.49'], ['0.53', '0.64'], ['0.18', '0.69'], ['0.86', '0.88'], ['0.87', '0.68'], ['0.53', '0.79'], ['0.17', '0.50'], ['0.87', '0.13'], ['0.17', '0.35'], ['0.53', '0.39'], ['0.17', '0.29'], ['0.17', '0.13'], ['0.18', '0.54'], ['0.53', '0.24'], ['0.86', '0.74'], ['0.87', '0.34'], ['0.87', '0.29'], ['0.18', '0.90'], ['0.18', '0.75']]"
"['6','♦']",22,"[['0.70', '0.52'], ['0.73', '0.21'], ['0.16', '0.43'], ['0.86', '0.30'], ['0.15', '0.60'], ['0.82', '0.74'], ['0.98', '0.52'], ['0.84', '0.60'], ['0.85', '0.43'], ['0.12', '0.92'], ['0.88', '0.12'], ['0.81', '0.91'], ['0.96', '0.82'], ['0.32', '0.20'], ['0.17', '0.28'], ['0.14', '0.74'], ['0.18', '0.11'], ['0.01', '0.51'], ['0.67', '0.83'], ['0.27', '0.83'], ['0.30', '0.51'], ['0.03', '0.19']]"
"['4','♣']",24,"[['0.88', '0.27'], ['0.78', '0.75'], ['0.86', '0.75'], ['0.23', '0.27'], ['0.87', '0.19'], ['0.13', '0.76'], ['0.21', '0.76'], ['0.14', '0.27'], ['0.81', '0.19'], ['0.80', '0.27'], ['0.21', '0.18'], ['0.15', '0.18'], ['0.84', '0.83'], ['0.78', '0.83'], ['0.20', '0.21'], ['0.20', '0.84'], ['0.86', '0.21'], ['0.17', '0.21'], ['0.82', '0.22'], ['0.18', '0.81'], ['0.13', '0.85'], ['0.80', '0.81'], ['0.83', '0.81'], ['0.15', '0.81']]"
"['5','♠']",25,"[['0.18', '0.29'], ['0.80', '0.74'], ['0.16', '0.10'], ['0.83', '0.91'], ['0.53', '0.61'], ['0.50', '0.43'], ['0.86', '0.11'], ['0.46', '0.61'], ['0.10', '0.74'], ['0.89', '0.29'], ['0.82', '0.29'], ['0.12', '0.29'], ['0.87', '0.74'], ['0.88', '0.23'], ['0.48', '0.55'], ['0.82', '0.79'], ['0.17', '0.23'], ['0.17', '0.74'], ['0.52', '0.55'], ['0.85', '0.23'], ['0.14', '0.23'], ['0.85', '0.79'], ['0.13', '0.92'], ['0.15', '0.80'], ['0.12', '0.80']]"
"['7','♦']",26,"[['0.72', '0.52'], ['0.86', '0.61'], ['0.34', '0.21'], ['0.83', '0.91'], ['0.15', '0.92'], ['0.88', '0.30'], ['0.54', '0.28'], ['0.98', '0.83'], ['0.87', '0.44'], ['0.89', '0.13'], ['0.30', '0.83'], ['0.20', '0.11'], ['0.84', '0.74'], ['0.16', '0.75'], ['0.53', '0.46'], ['0.39', '0.37'], ['0.18', '0.43'], ['0.17', '0.61'], ['0.75', '0.21'], ['0.19', '0.29'], ['0.03', '0.52'], ['0.70', '0.83'], ['0.68', '0.37'], ['0.01', '0.84'], ['0.32', '0.52'], ['0.05', '0.20']]"
"['8','♦']",29,"[['0.88', '0.60'], ['0.88', '0.43'], ['0.74', '0.51'], ['0.88', '0.73'], ['0.33', '0.83'], ['0.87', '0.90'], ['0.33', '0.52'], ['0.18', '0.11'], ['0.88', '0.12'], ['0.53', '0.58'], ['0.54', '0.27'], ['0.53', '0.76'], ['0.18', '0.75'], ['0.18', '0.43'], ['0.88', '0.29'], ['0.18', '0.29'], ['0.18', '0.92'], ['0.74', '0.20'], ['0.68', '0.67'], ['0.03', '0.84'], ['0.54', '0.45'], ['0.33', '0.20'], ['0.18', '0.61'], ['0.74', '0.82'], ['0.03', '0.20'], ['0.68', '0.36'], ['0.03', '0.52'], ['0.39', '0.36'], ['0.39', '0.67']]"
"['5','♣']",30,"[['0.81', '0.28'], ['0.89', '0.29'], ['0.79', '0.76'], ['0.47', '0.61'], ['0.55', '0.61'], ['0.86', '0.76'], ['0.88', '0.20'], ['0.14', '0.77'], ['0.16', '0.28'], ['0.21', '0.77'], ['0.84', '0.85'], ['0.49', '0.52'], ['0.23', '0.28'], ['0.54', '0.52'], ['0.82', '0.20'], ['0.23', '0.19'], ['0.16', '0.19'], ['0.79', '0.85'], ['0.83', '0.23'], ['0.14', '0.85'], ['0.87', '0.23'], ['0.53', '0.55'], ['0.20', '0.85'], ['0.17', '0.22'], ['0.50', '0.55'], ['0.80', '0.82'], ['0.18', '0.83'], ['0.21', '0.22'], ['0.84', '0.82'], ['0.15', '0.83']]"
"['6','♠']",30,"[['0.20', '0.43'], ['0.82', '0.74'], ['0.88', '0.12'], ['0.83', '0.43'], ['0.89', '0.43'], ['0.21', '0.29'], ['0.14', '0.43'], ['0.88', '0.74'], ['0.19', '0.74'], ['0.14', '0.29'], ['0.16', '0.61'], ['0.84', '0.30'], ['0.85', '0.61'], ['0.89', '0.24'], ['0.86', '0.24'], ['0.15', '0.49'], ['0.18', '0.11'], ['0.91', '0.30'], ['0.15', '0.93'], ['0.16', '0.23'], ['0.88', '0.49'], ['0.19', '0.23'], ['0.12', '0.74'], ['0.83', '0.91'], ['0.18', '0.49'], ['0.85', '0.49'], ['0.83', '0.79'], ['0.17', '0.80'], ['0.14', '0.80'], ['0.86', '0.79']]"
"['9','♦']",33,"[['0.87', '0.32'], ['0.31', '0.62'], ['0.16', '0.50'], ['0.73', '0.20'], ['0.72', '0.61'], ['0.52', '0.42'], ['0.87', '0.28'], ['0.73', '0.40'], ['0.16', '0.74'], ['0.16', '0.71'], ['0.88', '0.11'], ['0.86', '0.72'], ['0.86', '0.49'], ['0.16', '0.53'], ['0.86', '0.52'], ['0.71', '0.81'], ['0.32', '0.20'], ['0.52', '0.60'], ['0.37', '0.51'], ['0.17', '0.32'], ['0.67', '0.51'], ['0.01', '0.41'], ['0.17', '0.10'], ['1.00', '0.80'], ['0.01', '0.62'], ['0.30', '0.82'], ['0.31', '0.41'], ['0.86', '0.69'], ['0.01', '0.83'], ['0.85', '0.89'], ['0.17', '0.28'], ['0.15', '0.91'], ['0.01', '0.20']]"
"['7','♠']",35,"[['0.81', '0.61'], ['0.51', '0.27'], ['0.87', '0.61'], ['0.53', '0.45'], ['0.85', '0.43'], ['0.47', '0.45'], ['0.89', '0.29'], ['0.83', '0.29'], ['0.80', '0.74'], ['0.86', '0.12'], ['0.87', '0.74'], ['0.15', '0.43'], ['0.17', '0.74'], ['0.83', '0.91'], ['0.18', '0.29'], ['0.84', '0.24'], ['0.17', '0.61'], ['0.11', '0.61'], ['0.12', '0.29'], ['0.87', '0.24'], ['0.16', '0.11'], ['0.86', '0.55'], ['0.13', '0.55'], ['0.10', '0.74'], ['0.83', '0.55'], ['0.16', '0.55'], ['0.49', '0.39'], ['0.52', '0.39'], ['0.17', '0.23'], ['0.12', '0.80'], ['0.14', '0.23'], ['0.16', '0.80'], ['0.85', '0.79'], ['0.82', '0.79'], ['0.13', '0.93']]"
"['6','♣']",36,"[['0.88', '0.28'], ['0.81', '0.28'], ['0.23', '0.28'], ['0.14', '0.61'], ['0.22', '0.61'], ['0.86', '0.60'], ['0.15', '0.28'], ['0.78', '0.60'], ['0.78', '0.76'], ['0.21', '0.77'], ['0.86', '0.76'], ['0.88', '0.19'], ['0.15', '0.52'], ['0.21', '0.52'], ['0.81', '0.19'], ['0.16', '0.19'], ['0.13', '0.77'], ['0.86', '0.51'], ['0.80', '0.52'], ['0.22', '0.19'], ['0.20', '0.85'], ['0.84', '0.84'], ['0.86', '0.22'], ['0.78', '0.84'], ['0.14', '0.85'], ['0.17', '0.22'], ['0.16', '0.55'], ['0.21', '0.22'], ['0.20', '0.54'], ['0.85', '0.54'], ['0.83', '0.22'], ['0.81', '0.54'], ['0.80', '0.82'], ['0.83', '0.82'], ['0.19', '0.82'], ['0.15', '0.82']]"
"['10','♦']",36,"[['0.87', '0.49'], ['0.87', '0.73'], ['0.53', '0.81'], ['0.73', '0.41'], ['0.73', '0.81'], ['0.88', '0.11'], ['0.53', '0.63'], ['0.17', '0.53'], ['0.17', '0.50'], ['0.87', '0.52'], ['0.67', '0.31'], ['0.17', '0.29'], ['0.39', '0.31'], ['0.17', '0.32'], ['0.73', '0.61'], ['0.53', '0.22'], ['0.17', '0.71'], ['0.88', '0.32'], ['0.87', '0.69'], ['0.53', '0.39'], ['0.03', '0.84'], ['0.17', '0.92'], ['0.67', '0.72'], ['0.88', '0.29'], ['0.17', '0.74'], ['0.17', '0.11'], ['0.87', '0.89'], ['0.01', '0.20'], ['0.32', '0.62'], ['0.32', '0.41'], ['0.02', '0.41'], ['0.73', '0.20'], ['0.33', '0.20'], ['0.02', '0.62'], ['0.39', '0.72'], ['0.32', '0.83']]"
"['8','♠']",40,"[['0.83', '0.43'], ['0.84', '0.30'], ['0.49', '0.45'], ['0.54', '0.45'], ['0.14', '0.29'], ['0.88', '0.12'], ['0.47', '0.59'], ['0.90', '0.30'], ['0.19', '0.74'], ['0.85', '0.61'], ['0.89', '0.43'], ['0.17', '0.11'], ['0.20', '0.43'], ['0.20', '0.29'], ['0.54', '0.59'], ['0.13', '0.43'], ['0.89', '0.24'], ['0.53', '0.27'], ['0.81', '0.74'], ['0.14', '0.93'], ['0.53', '0.39'], ['0.52', '0.64'], ['0.88', '0.74'], ['0.87', '0.49'], ['0.12', '0.75'], ['0.84', '0.49'], ['0.16', '0.61'], ['0.50', '0.76'], ['0.18', '0.49'], ['0.86', '0.24'], ['0.50', '0.39'], ['0.14', '0.49'], ['0.19', '0.23'], ['0.83', '0.91'], ['0.49', '0.64'], ['0.16', '0.23'], ['0.83', '0.80'], ['0.86', '0.80'], ['0.13', '0.81'], ['0.17', '0.80']]"
"['7','♣']",42,"[['0.88', '0.28'], ['0.87', '0.60'], ['0.81', '0.28'], ['0.80', '0.60'], ['0.48', '0.44'], ['0.14', '0.60'], ['0.56', '0.44'], ['0.14', '0.77'], ['0.81', '0.52'], ['0.22', '0.60'], ['0.16', '0.28'], ['0.86', '0.76'], ['0.79', '0.76'], ['0.16', '0.52'], ['0.49', '0.35'], ['0.87', '0.52'], ['0.22', '0.77'], ['0.55', '0.35'], ['0.82', '0.19'], ['0.22', '0.52'], ['0.23', '0.28'], ['0.85', '0.84'], ['0.88', '0.19'], ['0.23', '0.19'], ['0.17', '0.19'], ['0.20', '0.85'], ['0.14', '0.85'], ['0.83', '0.22'], ['0.79', '0.85'], ['0.51', '0.38'], ['0.82', '0.54'], ['0.81', '0.82'], ['0.85', '0.54'], ['0.20', '0.55'], ['0.87', '0.22'], ['0.54', '0.38'], ['0.16', '0.82'], ['0.18', '0.22'], ['0.17', '0.55'], ['0.84', '0.81'], ['0.19', '0.82'], ['0.22', '0.22']]"
"['9','♠']",46,"[['0.83', '0.72'], ['0.49', '0.60'], ['0.90', '0.49'], ['0.83', '0.52'], ['0.84', '0.49'], ['0.89', '0.12'], ['0.20', '0.53'], ['0.86', '0.69'], ['0.14', '0.53'], ['0.20', '0.50'], ['0.90', '0.52'], ['0.20', '0.29'], ['0.87', '0.32'], ['0.91', '0.29'], ['0.89', '0.72'], ['0.53', '0.42'], ['0.14', '0.29'], ['0.85', '0.29'], ['0.15', '0.23'], ['0.86', '0.24'], ['0.18', '0.44'], ['0.89', '0.44'], ['0.17', '0.32'], ['0.90', '0.24'], ['0.15', '0.58'], ['0.85', '0.89'], ['0.86', '0.44'], ['0.85', '0.58'], ['0.15', '0.91'], ['0.20', '0.73'], ['0.17', '0.11'], ['0.13', '0.50'], ['0.56', '0.60'], ['0.14', '0.50'], ['0.16', '0.70'], ['0.88', '0.58'], ['0.15', '0.44'], ['0.54', '0.54'], ['0.51', '0.54'], ['0.13', '0.74'], ['0.18', '0.58'], ['0.14', '0.79'], ['0.84', '0.78'], ['0.87', '0.78'], ['0.17', '0.79'], ['0.19', '0.23']]"
"['8','♣']",48,"[['0.82', '0.43'], ['0.24', '0.43'], ['0.49', '0.43'], ['0.89', '0.27'], ['0.89', '0.43'], ['0.15', '0.43'], ['0.81', '0.74'], ['0.89', '0.74'], ['0.83', '0.18'], ['0.89', '0.18'], ['0.57', '0.59'], ['0.56', '0.35'], ['0.50', '0.68'], ['0.57', '0.43'], ['0.88', '0.51'], ['0.24', '0.75'], ['0.49', '0.59'], ['0.82', '0.51'], ['0.82', '0.27'], ['0.17', '0.52'], ['0.16', '0.76'], ['0.23', '0.52'], ['0.23', '0.27'], ['0.15', '0.27'], ['0.23', '0.18'], ['0.50', '0.35'], ['0.16', '0.18'], ['0.56', '0.68'], ['0.18', '0.49'], ['0.82', '0.82'], ['0.87', '0.82'], ['0.87', '0.21'], ['0.84', '0.49'], ['0.21', '0.49'], ['0.84', '0.21'], ['0.18', '0.21'], ['0.23', '0.84'], ['0.17', '0.84'], ['0.87', '0.49'], ['0.51', '0.37'], ['0.54', '0.65'], ['0.55', '0.37'], ['0.21', '0.21'], ['0.51', '0.65'], ['0.21', '0.81'], ['0.18', '0.81'], ['0.86', '0.79'], ['0.83', '0.80']]"
"['10','♠']",50,"[['0.82', '0.53'], ['0.47', '0.64'], ['0.49', '0.40'], ['0.88', '0.12'], ['0.88', '0.53'], ['0.87', '0.33'], ['0.12', '0.54'], ['0.19', '0.54'], ['0.84', '0.30'], ['0.19', '0.51'], ['0.82', '0.51'], ['0.90', '0.30'], ['0.54', '0.64'], ['0.12', '0.51'], ['0.12', '0.75'], ['0.55', '0.40'], ['0.88', '0.50'], ['0.81', '0.73'], ['0.16', '0.33'], ['0.53', '0.22'], ['0.13', '0.30'], ['0.84', '0.71'], ['0.19', '0.30'], ['0.84', '0.45'], ['0.87', '0.73'], ['0.16', '0.11'], ['0.15', '0.72'], ['0.50', '0.81'], ['0.19', '0.75'], ['0.15', '0.24'], ['0.85', '0.24'], ['0.18', '0.45'], ['0.54', '0.34'], ['0.49', '0.70'], ['0.83', '0.90'], ['0.87', '0.59'], ['0.50', '0.34'], ['0.14', '0.45'], ['0.52', '0.70'], ['0.89', '0.24'], ['0.88', '0.45'], ['0.84', '0.59'], ['0.14', '0.60'], ['0.17', '0.60'], ['0.13', '0.80'], ['0.82', '0.79'], ['0.18', '0.24'], ['0.15', '0.92'], ['0.85', '0.79'], ['0.16', '0.80']]"
"['9','♣']",54,"[['0.89', '0.53'], ['0.89', '0.48'], ['0.50', '0.60'], ['0.16', '0.49'], ['0.82', '0.74'], ['0.17', '0.76'], ['0.89', '0.27'], ['0.82', '0.53'], ['0.25', '0.54'], ['0.89', '0.74'], ['0.82', '0.49'], ['0.82', '0.27'], ['0.16', '0.28'], ['0.24', '0.28'], ['0.25', '0.76'], ['0.58', '0.60'], ['0.17', '0.55'], ['0.89', '0.40'], ['0.89', '0.19'], ['0.83', '0.19'], ['0.88', '0.62'], ['0.17', '0.41'], ['0.23', '0.19'], ['0.83', '0.40'], ['0.25', '0.49'], ['0.16', '0.19'], ['0.56', '0.51'], ['0.51', '0.51'], ['0.18', '0.63'], ['0.24', '0.63'], ['0.23', '0.40'], ['0.82', '0.62'], ['0.88', '0.22'], ['0.24', '0.84'], ['0.18', '0.85'], ['0.88', '0.83'], ['0.82', '0.83'], ['0.55', '0.54'], ['0.19', '0.61'], ['0.88', '0.43'], ['0.84', '0.22'], ['0.22', '0.22'], ['0.19', '0.44'], ['0.84', '0.59'], ['0.18', '0.21'], ['0.22', '0.60'], ['0.22', '0.44'], ['0.87', '0.59'], ['0.52', '0.54'], ['0.84', '0.43'], ['0.19', '0.82'], ['0.22', '0.82'], ['0.87', '0.80'], ['0.84', '0.80']]"
"['10','♣']",61,"[['0.88', '0.27'], ['0.88', '0.53'], ['0.81', '0.53'], ['0.23', '0.75'], ['0.15', '0.49'], ['0.49', '0.64'], ['0.49', '0.38'], ['0.57', '0.38'], ['0.81', '0.74'], ['0.81', '0.27'], ['0.57', '0.64'], ['0.88', '0.18'], ['0.88', '0.74'], ['0.15', '0.76'], ['0.23', '0.49'], ['0.87', '0.61'], ['0.23', '0.54'], ['0.55', '0.29'], ['0.81', '0.48'], ['0.15', '0.54'], ['0.82', '0.61'], ['0.49', '0.29'], ['0.88', '0.48'], ['0.15', '0.40'], ['0.22', '0.27'], ['0.82', '0.39'], ['0.15', '0.18'], ['0.22', '0.18'], ['0.82', '0.18'], ['0.88', '0.39'], ['0.55', '0.72'], ['0.86', '0.21'], ['0.87', '0.82'], ['0.22', '0.40'], ['0.15', '0.27'], ['0.22', '0.63'], ['0.16', '0.63'], ['0.81', '0.82'], ['0.50', '0.73'], ['0.21', '0.21'], ['0.16', '0.84'], ['0.21', '0.43'], ['0.83', '0.59'], ['0.23', '0.84'], ['0.54', '0.70'], ['0.51', '0.32'], ['0.86', '0.42'], ['0.54', '0.32'], ['0.86', '0.59'], ['0.83', '0.43'], ['0.86', '0.79'], ['0.18', '0.60'], ['0.83', '0.80'], ['0.17', '0.43'], ['0.51', '0.70'], ['0.21', '0.60'], ['0.17', '0.21'], ['0.21', '0.81'], ['0.83', '0.21'], ['0.83', '0.22'], ['0.18', '0.81']]"
"['K','♣']",142,"[['0.84', '0.75'], ['0.85', '0.40'], ['0.85', '0.45'], ['0.20', '0.59'], ['0.19', '0.25'], ['0.20', '0.55'], ['0.89', '0.75'], ['0.67', '0.12'], ['0.14', '0.25'], ['0.29', '0.44'], ['0.20', '0.62'], ['0.03', '0.59'], ['0.91', '0.40'], ['0.47', '0.53'], ['0.63', '0.61'], ['0.30', '0.30'], ['0.92', '0.34'], ['0.88', '0.37'], ['0.49', '0.49'], ['0.72', '0.68'], ['0.42', '0.50'], ['0.13', '0.62'], ['0.85', '0.47'], ['0.16', '0.65'], ['0.62', '0.60'], ['0.84', '0.43'], ['0.91', '0.42'], ['0.74', '0.68'], ['0.57', '0.53'], ['0.91', '0.37'], ['0.20', '0.56'], ['0.03', '0.65'], ['0.77', '0.58'], ['0.39', '0.32'], ['0.64', '0.62'], ['0.13', '0.60'], ['0.43', '0.41'], ['0.52', '0.54'], ['0.03', '0.66'], ['0.87', '0.57'], ['0.63', '0.50'], ['0.92', '0.39'], ['0.43', '0.40'], ['0.72', '0.55'], ['0.57', '0.74'], ['0.57', '0.88'], ['0.75', '0.11'], ['0.42', '0.39'], ['0.60', '0.51'], ['0.33', '0.33'], ['0.49', '0.12'], ['0.13', '0.59'], ['0.03', '0.69'], ['0.13', '0.67'], ['0.46', '0.51'], ['0.61', '0.51'], ['0.74', '0.70'], ['0.58', '0.59'], ['0.85', '0.38'], ['0.18', '0.44'], ['0.61', '0.12'], ['0.13', '0.65'], ['0.66', '0.65'], ['0.51', '0.28'], ['0.53', '0.47'], ['0.58', '0.49'], ['0.92', '0.39'], ['0.32', '0.33'], ['0.70', '0.12'], ['0.10', '0.34'], ['0.92', '0.36'], ['0.92', '0.38'], ['0.13', '0.62'], ['0.71', '0.88'], ['0.63', '0.52'], ['0.13', '0.66'], ['0.82', '0.15'], ['0.84', '0.39'], ['0.66', '0.65'], ['0.12', '0.63'], ['0.93', '0.67'], ['0.71', '0.51'], ['0.85', '0.69'], ['0.19', '0.31'], ['0.44', '0.26'], ['0.58', '0.48'], ['0.53', '0.54'], ['0.52', '0.12'], ['0.80', '0.12'], ['0.47', '0.42'], ['0.88', '0.45'], ['0.29', '0.46'], ['0.29', '0.29'], ['0.43', '0.38'], ['0.03', '0.62'], ['0.61', '0.74'], ['0.92', '0.43'], ['0.40', '0.36'], ['0.46', '0.42'], ['0.53', '0.48'], ['0.66', '0.69'], ['0.03', '0.62'], ['0.14', '0.18'], ['0.84', '0.47'], ['0.58', '0.60'], ['0.70', '0.61'], ['0.91', '0.55'], ['0.87', '0.56'], ['0.44', '0.51'], ['0.94', '0.51'], ['0.48', '0.46'], ['0.42', '0.52'], ['0.77', '0.56'], ['0.61', '0.68'], ['0.47', '0.53'], ['0.57', '0.54'], ['0.20', '0.54'], ['0.03', '0.65'], ['0.84', '0.41'], ['0.49', '0.48'], ['0.56', '0.55'], ['0.89', '0.81'], ['0.39', '0.89'], ['0.88', '0.36'], ['0.53', '0.89'], ['0.60', '0.49'], ['0.12', '0.63'], ['0.36', '0.89'], ['0.30', '0.90'], ['0.92', '0.41'], ['0.33', '0.46'], ['0.66', '0.80'], ['0.58', '0.56'], ['0.54', '0.21'], ['0.58', '0.55'], ['0.82', '0.40'], ['0.64', '0.79'], ['0.13', '0.64'], ['0.16', '0.56'], ['0.84', '0.44'], ['0.54', '0.47'], ['0.63', '0.72']]"
"['K','♠']",167,"[['0.80', '0.43'], ['0.73', '0.40'], ['0.66', '0.57'], ['0.65', '0.53'], ['0.69', '0.42'], ['0.74', '0.38'], ['0.83', '0.75'], ['0.38', '0.57'], ['0.39', '0.50'], ['0.30', '0.65'], ['0.70', '0.64'], ['0.68', '0.61'], ['0.66', '0.48'], ['0.89', '0.37'], ['0.38', '0.55'], ['0.91', '0.37'], ['0.15', '0.27'], ['0.80', '0.57'], ['0.36', '0.42'], ['0.78', '0.36'], ['0.35', '0.61'], ['0.39', '0.52'], ['0.64', '0.53'], ['0.89', '0.39'], ['0.80', '0.18'], ['0.71', '0.65'], ['0.68', '0.44'], ['0.36', '0.60'], ['0.67', '0.44'], ['0.80', '0.47'], ['0.33', '0.64'], ['0.67', '0.62'], ['0.39', '0.46'], ['0.73', '0.40'], ['0.37', '0.71'], ['0.88', '0.75'], ['0.32', '0.37'], ['0.66', '0.56'], ['0.71', '0.40'], ['0.66', '0.47'], ['0.13', '0.67'], ['0.40', '0.50'], ['0.23', '0.60'], ['0.67', '0.60'], ['0.65', '0.51'], ['0.29', '0.34'], ['0.86', '0.32'], ['0.17', '0.13'], ['0.27', '0.68'], ['0.71', '0.66'], ['0.74', '0.68'], ['0.94', '0.33'], ['0.20', '0.27'], ['0.72', '0.29'], ['0.52', '0.60'], ['0.67', '0.32'], ['0.24', '0.56'], ['0.50', '0.61'], ['0.14', '0.66'], ['0.31', '0.62'], ['0.39', '0.45'], ['0.26', '0.68'], ['0.17', '0.63'], ['0.54', '0.66'], ['0.18', '0.72'], ['0.77', '0.36'], ['0.32', '0.75'], ['0.48', '0.66'], ['0.52', '0.45'], ['0.85', '0.61'], ['0.32', '0.64'], ['0.66', '0.45'], ['0.85', '0.87'], ['0.86', '0.41'], ['0.81', '0.45'], ['0.53', '0.43'], ['0.71', '0.62'], ['0.52', '0.68'], ['0.67', '0.62'], ['0.86', '0.65'], ['0.24', '0.46'], ['0.25', '0.58'], ['0.64', '0.58'], ['0.74', '0.66'], ['0.90', '0.32'], ['0.74', '0.47'], ['0.73', '0.54'], ['0.64', '0.58'], ['0.37', '0.59'], ['0.26', '0.67'], ['0.66', '0.53'], ['0.23', '0.58'], ['0.21', '0.31'], ['0.39', '0.47'], ['0.57', '0.37'], ['0.40', '0.55'], ['0.68', '0.83'], ['0.68', '0.45'], ['0.14', '0.64'], ['0.85', '0.62'], ['0.61', '0.29'], ['0.24', '0.85'], ['0.67', '0.54'], ['0.82', '0.13'], ['0.41', '0.49'], ['0.34', '0.58'], ['0.18', '0.31'], ['0.62', '0.35'], ['0.69', '0.40'], ['0.31', '0.63'], ['0.84', '0.71'], ['0.42', '0.81'], ['0.37', '0.43'], ['0.79', '0.36'], ['0.52', '0.58'], ['0.63', '0.54'], ['0.18', '0.42'], ['0.65', '0.44'], ['0.67', '0.13'], ['0.63', '0.12'], ['0.33', '0.41'], ['0.41', '0.54'], ['0.51', '0.49'], ['0.64', '0.49'], ['0.61', '0.21'], ['0.45', '0.81'], ['0.51', '0.58'], ['0.79', '0.45'], ['0.37', '0.49'], ['0.69', '0.88'], ['0.44', '0.56'], ['0.79', '0.37'], ['0.59', '0.11'], ['0.66', '0.14'], ['0.59', '0.56'], ['0.51', '0.37'], ['0.17', '0.37'], ['0.33', '0.39'], ['0.76', '0.21'], ['0.73', '0.41'], ['0.21', '0.55'], ['0.85', '0.64'], ['0.82', '0.65'], ['0.21', '0.38'], ['0.33', '0.36'], ['0.51', '0.35'], ['0.35', '0.19'], ['0.45', '0.47'], ['0.36', '0.45'], ['0.31', '0.50'], ['0.83', '0.49'], ['0.54', '0.68'], ['0.17', '0.39'], ['0.65', '0.21'], ['0.68', '0.58'], ['0.33', '0.36'], ['0.60', '0.21'], ['0.54', '0.43'], ['0.51', '0.64'], ['0.70', '0.67'], ['0.54', '0.57'], ['0.14', '0.72'], ['0.38', '0.50'], ['0.52', '0.39'], ['0.74', '0.21'], ['0.17', '0.33'], ['0.92', '0.65']]"
"['J','♣']",168,"[['0.74', '0.41'], ['0.63', '0.45'], ['0.83', '0.25'], ['0.27', '0.52'], ['0.74', '0.60'], ['0.76', '0.52'], ['0.78', '0.49'], ['0.75', '0.55'], ['0.74', '0.64'], ['0.47', '0.54'], ['0.86', '0.29'], ['0.74', '0.59'], ['0.42', '0.57'], ['0.33', '0.59'], ['0.82', '0.43'], ['0.81', '0.44'], ['0.92', '0.36'], ['0.05', '0.37'], ['0.88', '0.39'], ['0.27', '0.50'], ['0.29', '0.30'], ['0.73', '0.42'], ['0.21', '0.78'], ['0.71', '0.43'], ['0.47', '0.53'], ['0.15', '0.64'], ['0.90', '0.37'], ['0.78', '0.47'], ['0.42', '0.54'], ['0.17', '0.63'], ['0.01', '0.36'], ['0.75', '0.69'], ['0.22', '0.58'], ['0.58', '0.48'], ['0.63', '0.46'], ['0.29', '0.35'], ['0.29', '0.36'], ['0.96', '0.64'], ['0.86', '0.62'], ['0.40', '0.56'], ['0.66', '0.43'], ['0.30', '0.61'], ['0.99', '0.69'], ['0.31', '0.61'], ['0.88', '0.25'], ['0.26', '0.53'], ['0.25', '0.55'], ['0.74', '0.65'], ['0.63', '0.48'], ['0.38', '0.59'], ['0.84', '0.41'], ['0.30', '0.40'], ['0.20', '0.60'], ['0.74', '0.67'], ['0.17', '0.41'], ['0.98', '0.41'], ['0.19', '0.61'], ['0.35', '0.58'], ['0.16', '0.39'], ['0.98', '0.39'], ['0.75', '0.70'], ['0.29', '0.33'], ['0.29', '0.45'], ['0.23', '0.56'], ['0.63', '0.59'], ['0.30', '0.42'], ['0.98', '0.32'], ['0.84', '0.28'], ['0.74', '0.62'], ['0.69', '0.44'], ['0.11', '0.67'], ['0.22', '0.39'], ['0.75', '0.54'], ['0.28', '0.31'], ['0.93', '0.37'], ['0.98', '0.34'], ['0.98', '0.48'], ['0.16', '0.78'], ['0.89', '0.40'], ['0.42', '0.44'], ['0.29', '0.44'], ['0.77', '0.50'], ['0.29', '0.38'], ['0.83', '0.66'], ['0.97', '0.60'], ['0.99', '0.69'], ['0.97', '0.73'], ['0.57', '0.49'], ['0.94', '0.35'], ['0.98', '0.46'], ['0.97', '0.79'], ['0.74', '0.57'], ['0.94', '0.31'], ['0.74', '0.74'], ['0.74', '0.71'], ['0.82', '0.45'], ['0.97', '0.55'], ['0.04', '0.49'], ['0.20', '0.35'], ['0.80', '0.40'], ['0.14', '0.66'], ['0.64', '0.65'], ['0.86', '0.61'], ['0.01', '0.33'], ['0.86', '0.40'], ['0.88', '0.38'], ['0.82', '0.69'], ['0.81', '0.64'], ['0.27', '0.53'], ['0.00', '0.39'], ['0.17', '0.74'], ['0.97', '0.61'], ['0.86', '0.39'], ['0.93', '0.63'], ['0.81', '0.84'], ['0.80', '0.46'], ['0.20', '0.33'], ['0.81', '0.65'], ['0.28', '0.49'], ['0.92', '0.35'], ['0.04', '0.62'], ['0.93', '0.84'], ['0.78', '0.51'], ['0.02', '0.32'], ['0.97', '0.72'], ['0.11', '0.68'], ['0.21', '0.41'], ['0.29', '0.47'], ['0.80', '0.68'], ['0.30', '0.75'], ['0.97', '0.53'], ['0.65', '0.74'], ['0.12', '0.57'], ['0.85', '0.42'], ['0.81', '0.69'], ['0.83', '0.64'], ['0.67', '0.62'], ['0.58', '0.30'], ['0.83', '0.42'], ['0.38', '0.40'], ['0.34', '0.36'], ['0.35', '0.42'], ['0.04', '0.56'], ['0.88', '0.18'], ['0.20', '0.37'], ['0.76', '0.58'], ['0.48', '0.36'], ['0.00', '0.46'], ['0.51', '0.33'], ['0.74', '0.68'], ['0.78', '0.46'], ['0.27', '0.34'], ['0.90', '0.36'], ['0.04', '0.69'], ['0.73', '0.66'], ['0.04', '0.47'], ['0.23', '0.34'], ['0.51', '0.69'], ['0.69', '0.64'], ['0.00', '0.34'], ['0.29', '0.32'], ['0.53', '0.34'], ['0.66', '0.63'], ['0.66', '0.30'], ['0.04', '0.55'], ['0.91', '0.45'], ['0.30', '0.44'], ['0.25', '0.20']]"
"['Q','♣']",171,"[['0.83', '0.25'], ['0.21', '0.59'], ['0.10', '0.58'], ['0.75', '0.35'], ['0.81', '0.43'], ['0.44', '0.51'], ['0.65', '0.40'], ['0.99', '0.47'], ['0.98', '0.47'], ['0.97', '0.29'], ['0.59', '0.46'], ['0.91', '0.44'], ['0.73', '0.38'], ['0.89', '0.45'], ['0.22', '0.59'], ['0.79', '0.42'], ['0.11', '0.57'], ['0.99', '0.46'], ['0.19', '0.60'], ['0.43', '0.55'], ['0.12', '0.70'], ['0.05', '0.41'], ['0.96', '0.58'], ['0.83', '0.41'], ['0.74', '0.34'], ['0.90', '0.44'], ['0.59', '0.51'], ['0.75', '0.48'], ['0.11', '0.58'], ['0.87', '0.25'], ['0.38', '0.62'], ['0.19', '0.78'], ['0.30', '0.64'], ['0.19', '0.61'], ['0.97', '0.32'], ['0.47', '0.77'], ['0.01', '0.56'], ['0.79', '0.50'], ['0.88', '0.45'], ['0.78', '0.50'], ['0.90', '0.32'], ['0.35', '0.71'], ['0.22', '0.52'], ['0.55', '0.24'], ['0.13', '0.57'], ['0.83', '0.42'], ['0.88', '0.50'], ['0.95', '0.60'], ['0.00', '0.56'], ['0.03', '0.70'], ['0.70', '0.39'], ['0.28', '0.68'], ['0.90', '0.29'], ['0.89', '0.82'], ['0.27', '0.54'], ['0.51', '0.37'], ['0.12', '0.73'], ['0.11', '0.17'], ['0.46', '0.25'], ['0.52', '0.65'], ['0.05', '0.43'], ['0.27', '0.67'], ['0.20', '0.51'], ['0.76', '0.46'], ['0.13', '0.52'], ['0.90', '0.50'], ['0.11', '0.74'], ['0.14', '0.78'], ['0.40', '0.55'], ['0.84', '0.44'], ['0.14', '0.60'], ['0.98', '0.57'], ['0.77', '0.49'], ['0.38', '0.51'], ['0.53', '0.51'], ['0.75', '0.41'], ['0.01', '0.55'], ['0.85', '0.51'], ['0.92', '0.81'], ['0.10', '0.12'], ['0.10', '0.15'], ['0.81', '0.51'], ['0.03', '0.55'], ['0.17', '0.51'], ['0.26', '0.56'], ['0.89', '0.75'], ['0.67', '0.31'], ['0.25', '0.53'], ['0.90', '0.87'], ['0.54', '0.46'], ['0.62', '0.64'], ['0.89', '0.83'], ['0.98', '0.52'], ['0.04', '0.20'], ['0.87', '0.18'], ['0.76', '0.47'], ['0.75', '0.48'], ['0.33', '0.62'], ['0.24', '0.52'], ['0.02', '0.50'], ['0.78', '0.62'], ['0.80', '0.51'], ['0.84', '0.51'], ['0.62', '0.47'], ['0.36', '0.71'], ['0.50', '0.51'], ['0.23', '0.62'], ['0.73', '0.53'], ['0.56', '0.76'], ['0.04', '0.74'], ['0.75', '0.45'], ['0.64', '0.50'], ['0.27', '0.58'], ['0.02', '0.45'], ['0.79', '0.46'], ['0.26', '0.55'], ['0.55', '0.51'], ['0.95', '0.53'], ['0.10', '0.52'], ['0.82', '0.40'], ['0.87', '0.42'], ['0.70', '0.68'], ['0.88', '0.51'], ['0.27', '0.61'], ['0.95', '0.80'], ['0.33', '0.50'], ['0.86', '0.51'], ['0.55', '0.17'], ['0.06', '0.49'], ['0.45', '0.84'], ['0.17', '0.12'], ['0.17', '0.58'], ['0.13', '0.51'], ['0.67', '0.49'], ['0.75', '0.46'], ['0.72', '0.33'], ['0.45', '0.17'], ['0.49', '0.46'], ['0.27', '0.56'], ['0.90', '0.50'], ['0.40', '0.37'], ['0.22', '0.51'], ['0.93', '0.77'], ['0.76', '0.90'], ['0.98', '0.61'], ['0.69', '0.43'], ['0.36', '0.54'], ['0.24', '0.10'], ['0.86', '0.55'], ['0.58', '0.83'], ['0.55', '0.68'], ['0.89', '0.64'], ['0.25', '0.52'], ['0.33', '0.59'], ['0.19', '0.51'], ['0.28', '0.58'], ['0.42', '0.34'], ['0.42', '0.17'], ['0.55', '0.65'], ['0.44', '0.85'], ['0.95', '0.45'], ['0.90', '0.78'], ['0.48', '0.55'], ['0.64', '0.57'], ['0.11', '0.37'], ['0.48', '0.37'], ['0.52', '0.48'], ['0.51', '0.53'], ['0.47', '0.51'], ['0.25', '0.10'], ['0.90', '0.42']]"
"['Q','♠']",173,"[['0.86', '0.26'], ['0.71', '0.45'], ['0.74', '0.46'], ['0.95', '0.48'], ['0.60', '0.36'], ['0.88', '0.13'], ['0.60', '0.34'], ['0.90', '0.26'], ['0.61', '0.35'], ['0.46', '0.69'], ['0.74', '0.51'], ['0.41', '0.52'], ['0.25', '0.52'], ['0.35', '0.57'], ['0.94', '0.30'], ['0.32', '0.56'], ['0.66', '0.51'], ['0.22', '0.34'], ['0.20', '0.77'], ['0.46', '0.52'], ['0.45', '0.67'], ['0.20', '0.36'], ['0.96', '0.49'], ['0.58', '0.51'], ['0.78', '0.50'], ['0.85', '0.66'], ['0.50', '0.11'], ['0.47', '0.67'], ['0.53', '0.11'], ['0.50', '0.51'], ['0.16', '0.77'], ['0.37', '0.51'], ['0.85', '0.33'], ['0.56', '0.91'], ['0.53', '0.37'], ['0.10', '0.55'], ['0.95', '0.27'], ['0.90', '0.49'], ['0.83', '0.67'], ['0.60', '0.63'], ['0.37', '0.53'], ['0.71', '0.50'], ['0.66', '0.60'], ['0.78', '0.52'], ['0.64', '0.62'], ['0.70', '0.31'], ['0.37', '0.43'], ['0.86', '0.69'], ['0.22', '0.37'], ['0.72', '0.27'], ['0.36', '0.71'], ['0.08', '0.44'], ['0.71', '0.52'], ['0.46', '0.51'], ['0.08', '0.53'], ['0.95', '0.27'], ['0.98', '0.47'], ['0.97', '0.53'], ['0.29', '0.51'], ['0.50', '0.39'], ['0.53', '0.91'], ['0.20', '0.71'], ['0.37', '0.58'], ['0.83', '0.64'], ['0.68', '0.60'], ['0.07', '0.56'], ['0.85', '0.33'], ['0.26', '0.73'], ['0.71', '0.44'], ['0.01', '0.69'], ['0.81', '0.51'], ['0.67', '0.33'], ['0.58', '0.91'], ['0.33', '0.52'], ['0.32', '0.52'], ['0.14', '0.54'], ['0.47', '0.52'], ['0.84', '0.65'], ['0.56', '0.64'], ['0.88', '0.71'], ['0.42', '0.33'], ['0.62', '0.52'], ['0.71', '0.66'], ['0.29', '0.53'], ['0.74', '0.31'], ['0.72', '0.65'], ['0.51', '0.10'], ['0.62', '0.50'], ['0.84', '0.65'], ['0.66', '0.60'], ['0.34', '0.76'], ['0.80', '0.52'], ['0.04', '0.74'], ['0.96', '0.59'], ['0.54', '0.51'], ['0.32', '0.72'], ['0.11', '0.74'], ['0.51', '0.38'], ['0.55', '0.51'], ['0.69', '0.45'], ['0.71', '0.51'], ['0.75', '0.78'], ['0.40', '0.42'], ['0.75', '0.69'], ['0.01', '0.50'], ['0.95', '0.67'], ['0.11', '0.76'], ['0.04', '0.77'], ['0.54', '0.65'], ['0.39', '0.24'], ['0.48', '0.11'], ['0.72', '0.52'], ['0.20', '0.69'], ['0.95', '0.49'], ['0.30', '0.33'], ['0.38', '0.52'], ['0.30', '0.37'], ['0.47', '0.68'], ['0.89', '0.22'], ['0.83', '0.31'], ['0.00', '0.39'], ['0.55', '0.65'], ['0.18', '0.90'], ['0.73', '0.74'], ['0.59', '0.35'], ['0.40', '0.37'], ['0.41', '0.70'], ['0.28', '0.16'], ['0.08', '0.54'], ['0.96', '0.49'], ['0.87', '0.22'], ['0.69', '0.13'], ['0.30', '0.52'], ['0.98', '0.39'], ['0.76', '0.67'], ['0.34', '0.36'], ['0.79', '0.47'], ['0.44', '0.40'], ['0.23', '0.38'], ['0.75', '0.30'], ['0.01', '0.56'], ['0.47', '0.39'], ['0.21', '0.70'], ['0.37', '0.16'], ['0.65', '0.65'], ['0.63', '0.67'], ['0.70', '0.70'], ['0.34', '0.33'], ['0.68', '0.85'], ['0.65', '0.70'], ['0.74', '0.68'], ['0.66', '0.33'], ['0.87', '0.70'], ['0.55', '0.52'], ['0.39', '0.70'], ['0.18', '0.33'], ['0.09', '0.34'], ['0.36', '0.33'], ['0.68', '0.68'], ['0.66', '0.66'], ['0.34', '0.40'], ['0.69', '0.66'], ['0.54', '0.52'], ['0.58', '0.11'], ['0.95', '0.69'], ['0.27', '0.56'], ['0.67', '0.78'], ['0.38', '0.34'], ['0.76', '0.74'], ['0.59', '0.11'], ['0.86', '0.70'], ['0.87', '0.69'], ['0.36', '0.42']]"
"['K','♦']",177,"[['0.79', '0.44'], ['0.67', '0.73'], ['0.80', '0.46'], ['0.28', '0.57'], ['0.52', '0.53'], ['0.77', '0.64'], ['0.71', '0.14'], ['0.56', '0.53'], ['0.41', '0.29'], ['0.85', '0.62'], ['0.49', '0.53'], ['0.89', '0.56'], ['0.59', '0.49'], ['0.49', '0.49'], ['0.23', '0.64'], ['0.29', '0.58'], ['0.79', '0.55'], ['0.53', '0.12'], ['0.71', '0.84'], ['0.52', '0.68'], ['0.90', '0.56'], ['0.90', '0.38'], ['0.98', '0.53'], ['0.30', '0.48'], ['0.64', '0.67'], ['0.91', '0.56'], ['0.67', '0.13'], ['0.93', '0.55'], ['0.46', '0.54'], ['0.93', '0.42'], ['0.95', '0.54'], ['0.04', '0.63'], ['0.77', '0.68'], ['0.98', '0.42'], ['1.00', '0.46'], ['0.78', '0.17'], ['0.53', '0.33'], ['0.74', '0.86'], ['0.86', '0.39'], ['0.66', '0.46'], ['0.84', '0.62'], ['0.49', '0.12'], ['0.56', '0.49'], ['0.55', '0.34'], ['0.63', '0.47'], ['0.69', '0.74'], ['0.52', '0.49'], ['0.15', '0.61'], ['0.06', '0.65'], ['0.82', '0.17'], ['0.45', '0.56'], ['0.01', '0.40'], ['0.31', '0.45'], ['0.74', '0.13'], ['0.22', '0.43'], ['0.70', '0.35'], ['0.40', '0.28'], ['0.55', '0.50'], ['0.80', '0.35'], ['0.90', '0.34'], ['0.77', '0.57'], ['0.41', '0.89'], ['0.67', '0.39'], ['0.81', '0.35'], ['0.49', '0.59'], ['0.66', '0.79'], ['0.59', '0.53'], ['0.38', '0.88'], ['0.12', '0.49'], ['0.79', '0.13'], ['0.51', '0.69'], ['0.58', '0.34'], ['0.78', '0.43'], ['0.57', '0.12'], ['0.97', '0.53'], ['0.74', '0.45'], ['0.38', '0.12'], ['0.94', '0.40'], ['0.93', '0.54'], ['0.87', '0.37'], ['0.85', '0.61'], ['0.18', '0.46'], ['0.67', '0.67'], ['0.88', '0.58'], ['1.00', '0.52'], ['0.55', '0.89'], ['0.33', '0.35'], ['0.09', '0.50'], ['0.56', '0.89'], ['0.23', '0.41'], ['0.62', '0.56'], ['0.07', '0.50'], ['0.58', '0.60'], ['0.83', '0.32'], ['0.59', '0.67'], ['0.59', '0.90'], ['0.62', '0.54'], ['0.74', '0.43'], ['0.23', '0.41'], ['0.53', '0.69'], ['0.31', '0.85'], ['0.47', '0.49'], ['0.71', '0.76'], ['0.35', '0.58'], ['0.30', '0.90'], ['0.73', '0.46'], ['0.62', '0.49'], ['0.41', '0.34'], ['0.06', '0.66'], ['0.56', '0.34'], ['0.38', '0.67'], ['0.02', '0.51'], ['0.34', '0.60'], ['0.32', '0.63'], ['0.56', '0.60'], ['0.86', '0.60'], ['0.47', '0.47'], ['0.83', '0.63'], ['0.75', '0.67'], ['0.49', '0.62'], ['0.42', '0.21'], ['0.42', '0.22'], ['0.07', '0.57'], ['0.51', '0.89'], ['0.44', '0.36'], ['0.82', '0.34'], ['0.41', '0.64'], ['0.80', '0.20'], ['0.78', '0.67'], ['0.88', '0.74'], ['0.42', '0.57'], ['0.62', '0.13'], ['0.28', '0.68'], ['0.10', '0.61'], ['0.45', '0.68'], ['0.26', '0.70'], ['0.34', '0.15'], ['0.30', '0.60'], ['0.37', '0.17'], ['0.18', '0.69'], ['0.14', '0.47'], ['0.27', '0.67'], ['0.87', '0.58'], ['0.87', '0.50'], ['0.77', '0.40'], ['1.00', '0.34'], ['0.48', '0.86'], ['0.24', '0.71'], ['0.07', '0.51'], ['0.60', '0.44'], ['0.88', '0.57'], ['0.55', '0.52'], ['0.13', '0.63'], ['0.17', '0.65'], ['0.66', '0.80'], ['0.24', '0.40'], ['0.35', '0.56'], ['0.60', '0.16'], ['0.63', '0.35'], ['0.99', '0.80'], ['0.85', '0.60'], ['0.37', '0.25'], ['0.05', '0.59'], ['0.59', '0.40'], ['0.93', '0.15'], ['0.51', '0.43'], ['0.92', '0.27'], ['0.65', '0.68'], ['0.31', '0.38'], ['0.19', '0.45'], ['0.27', '0.86'], ['0.44', '0.12'], ['0.35', '0.89'], ['0.48', '0.61'], ['0.32', '0.62'], ['0.96', '0.36'], ['0.75', '0.43']]"
"['J','♠']",178,"[['0.79', '0.59'], ['0.90', '0.40'], ['0.92', '0.43'], ['0.88', '0.34'], ['0.16', '0.27'], ['0.98', '0.53'], ['0.85', '0.75'], ['0.77', '0.62'], ['0.76', '0.67'], ['0.76', '0.42'], ['0.99', '0.47'], ['0.20', '0.27'], ['0.78', '0.67'], ['0.29', '0.62'], ['0.91', '0.42'], ['1.00', '0.49'], ['0.76', '0.31'], ['0.99', '0.46'], ['0.28', '0.41'], ['0.15', '0.56'], ['0.95', '0.47'], ['0.89', '0.75'], ['0.97', '0.48'], ['0.36', '0.39'], ['0.64', '0.62'], ['0.78', '0.37'], ['0.75', '0.66'], ['0.95', '0.43'], ['0.46', '0.53'], ['0.70', '0.63'], ['0.80', '0.37'], ['0.72', '0.63'], ['0.92', '0.44'], ['0.38', '0.52'], ['0.73', '0.54'], ['0.69', '0.64'], ['0.76', '0.68'], ['0.88', '0.47'], ['0.81', '0.33'], ['0.98', '0.46'], ['0.81', '0.70'], ['0.31', '0.37'], ['0.27', '0.67'], ['0.28', '0.67'], ['0.78', '0.44'], ['0.78', '0.41'], ['0.18', '0.13'], ['0.28', '0.36'], ['0.18', '0.45'], ['0.11', '0.59'], ['0.76', '0.21'], ['0.93', '0.45'], ['0.42', '0.41'], ['0.75', '0.41'], ['0.15', '0.63'], ['0.87', '0.69'], ['0.96', '0.51'], ['0.07', '0.56'], ['0.25', '0.70'], ['0.86', '0.88'], ['0.26', '0.67'], ['0.53', '0.53'], ['0.89', '0.47'], ['0.14', '0.62'], ['0.36', '0.40'], ['0.24', '0.42'], ['0.92', '0.49'], ['0.32', '0.49'], ['0.29', '0.35'], ['0.93', '0.41'], ['0.78', '0.38'], ['0.04', '0.54'], ['0.94', '0.66'], ['0.08', '0.57'], ['0.90', '0.41'], ['0.93', '0.41'], ['0.99', '0.62'], ['0.12', '0.64'], ['0.12', '0.59'], ['0.58', '0.51'], ['0.61', '0.51'], ['0.68', '0.51'], ['0.15', '0.63'], ['0.08', '0.56'], ['0.18', '0.33'], ['0.28', '0.60'], ['0.12', '0.62'], ['0.92', '0.40'], ['0.98', '0.56'], ['0.26', '0.43'], ['0.52', '0.51'], ['0.66', '0.52'], ['0.55', '0.51'], ['0.09', '0.60'], ['0.24', '0.33'], ['0.12', '0.60'], ['0.86', '0.33'], ['0.82', '0.46'], ['0.86', '0.58'], ['0.87', '0.62'], ['0.66', '0.51'], ['0.76', '0.20'], ['0.97', '0.56'], ['0.28', '0.65'], ['0.60', '0.52'], ['0.28', '0.62'], ['0.06', '0.51'], ['0.96', '0.44'], ['0.95', '0.43'], ['0.91', '0.51'], ['0.24', '0.57'], ['0.11', '0.63'], ['0.46', '0.51'], ['0.10', '0.61'], ['0.09', '0.59'], ['0.65', '0.51'], ['0.78', '0.36'], ['0.75', '0.43'], ['0.40', '0.51'], ['0.02', '0.55'], ['0.18', '0.57'], ['0.34', '0.40'], ['0.75', '0.20'], ['0.17', '0.70'], ['0.55', '0.66'], ['0.05', '0.47'], ['1.00', '0.54'], ['0.95', '0.47'], ['0.12', '0.53'], ['0.23', '0.57'], ['0.27', '0.35'], ['0.05', '0.57'], ['0.36', '0.61'], ['0.48', '0.66'], ['0.89', '0.47'], ['0.70', '0.42'], ['0.07', '0.58'], ['0.46', '0.31'], ['0.52', '0.66'], ['0.76', '0.43'], ['0.10', '0.37'], ['0.91', '0.38'], ['0.84', '0.55'], ['0.28', '0.31'], ['0.82', '0.47'], ['0.39', '0.53'], ['0.37', '0.62'], ['0.29', '0.68'], ['0.19', '0.23'], ['0.76', '0.69'], ['0.05', '0.57'], ['0.30', '0.83'], ['0.19', '0.71'], ['0.76', '0.26'], ['0.73', '0.51'], ['0.29', '0.72'], ['0.89', '0.69'], ['0.14', '0.53'], ['0.81', '0.67'], ['0.71', '0.49'], ['0.46', '0.62'], ['0.32', '0.63'], ['0.31', '0.60'], ['0.33', '0.52'], ['0.31', '0.63'], ['0.07', '0.47'], ['0.48', '0.51'], ['0.75', '0.46'], ['0.42', '0.46'], ['0.99', '0.43'], ['0.88', '0.63'], ['0.29', '0.84'], ['0.04', '0.54'], ['0.35', '0.60'], ['0.53', '0.51'], ['0.17', '0.23'], ['0.45', '0.52'], ['0.71', '0.44']]"
"['A','♠']",180,"[['0.41', '0.73'], ['0.55', '0.59'], ['0.58', '0.63'], ['0.55', '0.49'], ['0.61', '0.73'], ['0.49', '0.58'], ['0.80', '0.55'], ['0.45', '0.63'], ['0.63', '0.51'], ['0.51', '0.58'], ['0.36', '0.76'], ['0.75', '0.74'], ['0.94', '0.56'], ['0.06', '0.55'], ['0.66', '0.75'], ['0.75', '0.59'], ['0.80', '0.56'], ['0.55', '0.49'], ['0.80', '0.54'], ['0.70', '0.56'], ['0.22', '0.55'], ['0.53', '0.47'], ['0.53', '0.59'], ['0.58', '0.48'], ['0.56', '0.67'], ['0.59', '0.59'], ['0.91', '0.41'], ['0.58', '0.54'], ['0.22', '0.54'], ['0.80', '0.53'], ['0.62', '0.63'], ['0.57', '0.68'], ['0.23', '0.51'], ['0.61', '0.78'], ['0.57', '0.69'], ['0.56', '0.26'], ['0.78', '0.50'], ['0.87', '0.64'], ['0.40', '0.64'], ['0.30', '0.45'], ['0.53', '0.42'], ['0.53', '0.55'], ['0.46', '0.67'], ['0.64', '0.55'], ['0.50', '0.56'], ['0.56', '0.64'], ['0.87', '0.62'], ['0.85', '0.40'], ['0.80', '0.55'], ['0.74', '0.46'], ['0.68', '0.54'], ['0.80', '0.52'], ['0.68', '0.42'], ['0.56', '0.42'], ['0.80', '0.52'], ['0.79', '0.51'], ['0.62', '0.53'], ['0.54', '0.42'], ['0.25', '0.58'], ['0.58', '0.70'], ['0.66', '0.40'], ['0.57', '0.68'], ['0.94', '0.64'], ['0.47', '0.35'], ['0.57', '0.78'], ['0.63', '0.65'], ['0.75', '0.47'], ['0.22', '0.55'], ['0.66', '0.43'], ['0.66', '0.51'], ['0.65', '0.50'], ['0.57', '0.69'], ['0.58', '0.43'], ['0.47', '0.62'], ['0.23', '0.57'], ['0.60', '0.52'], ['0.95', '0.54'], ['0.58', '0.47'], ['0.15', '0.60'], ['0.63', '0.70'], ['0.78', '0.58'], ['0.89', '0.45'], ['0.15', '0.65'], ['0.23', '0.53'], ['0.53', '0.58'], ['0.56', '0.63'], ['0.77', '0.49'], ['0.92', '0.54'], ['0.73', '0.45'], ['0.50', '0.54'], ['0.44', '0.51'], ['0.85', '0.39'], ['0.78', '0.74'], ['0.23', '0.52'], ['0.18', '0.40'], ['0.39', '0.51'], ['0.46', '0.68'], ['0.64', '0.52'], ['0.62', '0.48'], ['0.44', '0.55'], ['0.46', '0.67'], ['0.56', '0.64'], ['0.23', '0.56'], ['0.80', '0.42'], ['0.61', '0.71'], ['0.96', '0.63'], ['0.26', '0.48'], ['0.74', '0.56'], ['0.58', '0.71'], ['0.77', '0.74'], ['0.47', '0.66'], ['0.44', '0.71'], ['0.39', '0.60'], ['0.45', '0.69'], ['0.48', '0.35'], ['0.46', '0.59'], ['0.47', '0.39'], ['0.59', '0.72'], ['0.56', '0.66'], ['0.88', '0.59'], ['0.39', '0.39'], ['0.32', '0.60'], ['0.57', '0.46'], ['0.43', '0.54'], ['0.66', '0.40'], ['0.79', '0.51'], ['0.22', '0.54'], ['0.91', '0.62'], ['0.55', '0.62'], ['0.33', '0.43'], ['0.72', '0.45'], ['0.47', '0.63'], ['0.43', '0.72'], ['0.87', '0.42'], ['0.40', '0.54'], ['0.45', '0.46'], ['0.25', '0.36'], ['0.71', '0.44'], ['0.56', '0.78'], ['0.40', '0.70'], ['0.39', '0.49'], ['0.87', '0.40'], ['0.05', '0.64'], ['0.40', '0.71'], ['0.44', '0.52'], ['0.45', '0.78'], ['0.64', '0.56'], ['0.32', '0.44'], ['0.43', '0.43'], ['0.86', '0.45'], ['0.49', '0.79'], ['0.56', '0.65'], ['0.08', '0.56'], ['0.61', '0.52'], ['0.63', '0.71'], ['0.42', '0.70'], ['0.76', '0.48'], ['0.24', '0.76'], ['0.47', '0.65'], ['0.51', '0.18'], ['0.23', '0.75'], ['0.41', '0.78'], ['0.48', '0.26'], ['0.70', '0.55'], ['0.44', '0.59'], ['0.56', '0.58'], ['0.84', '0.42'], ['0.67', '0.55'], ['0.30', '0.60'], ['0.86', '0.73'], ['0.51', '0.41'], ['0.70', '0.43'], ['0.61', '0.37'], ['0.61', '0.70'], ['0.86', '0.65'], ['0.60', '0.43'], ['0.61', '0.30'], ['0.25', '0.49'], ['0.57', '0.59'], ['0.70', '0.67']]"
"['J','♦']",181,"[['0.27', '0.48'], ['0.76', '0.48'], ['0.80', '0.59'], ['0.81', '0.38'], ['0.24', '0.64'], ['0.78', '0.49'], ['0.84', '0.63'], ['0.36', '0.57'], ['0.77', '0.53'], ['0.89', '0.70'], ['0.27', '0.54'], ['0.68', '0.45'], ['0.18', '0.38'], ['0.86', '0.31'], ['0.82', '0.30'], ['0.98', '0.30'], ['0.81', '0.58'], ['0.97', '0.70'], ['0.35', '0.85'], ['0.79', '0.43'], ['0.91', '0.64'], ['0.86', '0.63'], ['0.23', '0.43'], ['0.97', '0.71'], ['0.49', '0.58'], ['0.13', '0.31'], ['0.98', '0.28'], ['0.97', '0.60'], ['0.81', '0.56'], ['0.98', '0.39'], ['0.84', '0.68'], ['0.98', '0.33'], ['0.80', '0.70'], ['0.79', '0.63'], ['0.97', '0.40'], ['0.76', '0.60'], ['0.70', '0.17'], ['0.72', '0.52'], ['0.80', '0.46'], ['0.55', '0.54'], ['0.11', '0.37'], ['0.26', '0.59'], ['0.89', '0.40'], ['0.96', '0.79'], ['0.73', '0.59'], ['0.83', '0.66'], ['0.25', '0.48'], ['0.48', '0.57'], ['0.98', '0.35'], ['0.05', '0.22'], ['0.30', '0.43'], ['0.73', '0.61'], ['0.18', '0.39'], ['0.85', '0.62'], ['0.82', '0.39'], ['0.01', '0.61'], ['0.70', '0.48'], ['0.22', '0.64'], ['0.23', '0.46'], ['0.33', '0.61'], ['0.72', '0.44'], ['0.70', '0.52'], ['0.97', '0.51'], ['0.22', '0.64'], ['0.97', '0.50'], ['0.82', '0.65'], ['0.74', '0.61'], ['0.01', '0.50'], ['0.70', '0.47'], ['0.72', '0.47'], ['0.26', '0.53'], ['0.57', '0.45'], ['0.34', '0.58'], ['0.05', '0.31'], ['0.25', '0.59'], ['0.93', '0.35'], ['0.30', '0.64'], ['0.79', '0.83'], ['0.97', '0.55'], ['0.05', '0.45'], ['0.70', '0.44'], ['0.51', '0.20'], ['0.82', '0.66'], ['0.33', '0.49'], ['0.86', '0.34'], ['0.74', '0.58'], ['0.49', '0.62'], ['0.97', '0.62'], ['0.80', '0.66'], ['0.02', '0.38'], ['0.97', '0.46'], ['0.77', '0.63'], ['0.97', '0.57'], ['0.23', '0.61'], ['0.31', '0.41'], ['0.24', '0.51'], ['0.33', '0.58'], ['0.83', '0.68'], ['0.49', '0.60'], ['0.12', '0.66'], ['0.17', '0.38'], ['0.73', '0.38'], ['0.27', '0.38'], ['0.34', '0.58'], ['0.74', '0.35'], ['0.33', '0.64'], ['0.82', '0.65'], ['0.05', '0.51'], ['0.95', '0.68'], ['0.01', '0.28'], ['0.33', '0.49'], ['0.05', '0.58'], ['0.84', '0.61'], ['0.22', '0.43'], ['0.18', '0.72'], ['0.73', '0.39'], ['0.70', '0.53'], ['0.72', '0.50'], ['0.93', '0.32'], ['0.77', '0.64'], ['0.01', '0.63'], ['0.50', '0.48'], ['1.00', '0.81'], ['0.25', '0.39'], ['0.80', '0.51'], ['0.85', '0.39'], ['0.96', '0.80'], ['0.24', '0.56'], ['0.05', '0.52'], ['0.73', '0.55'], ['0.01', '0.57'], ['0.33', '0.60'], ['0.01', '0.44'], ['0.50', '0.47'], ['0.34', '0.55'], ['0.33', '0.58'], ['0.01', '0.67'], ['0.24', '0.31'], ['0.56', '0.42'], ['0.74', '0.39'], ['0.30', '0.68'], ['0.89', '0.35'], ['0.31', '0.40'], ['0.34', '0.47'], ['0.93', '0.37'], ['0.05', '0.74'], ['0.48', '0.67'], ['0.31', '0.44'], ['0.54', '0.67'], ['0.31', '0.60'], ['0.76', '0.61'], ['0.56', '0.44'], ['0.72', '0.56'], ['0.19', '0.41'], ['0.05', '0.62'], ['0.01', '0.72'], ['0.01', '0.19'], ['0.05', '0.64'], ['0.71', '0.56'], ['0.79', '0.64'], ['0.05', '0.41'], ['0.84', '0.60'], ['0.33', '0.55'], ['0.10', '0.71'], ['0.73', '0.41'], ['0.70', '0.44'], ['0.31', '0.43'], ['0.84', '0.68'], ['0.29', '0.66'], ['0.74', '0.38'], ['0.73', '0.61'], ['0.97', '0.44'], ['0.70', '0.50'], ['0.01', '0.35'], ['0.01', '0.39'], ['0.79', '0.67'], ['0.75', '0.69'], ['0.34', '0.50'], ['0.71', '0.38'], ['0.79', '0.62'], ['0.22', '0.72']]"
"['K','♥']",188,"[['0.41', '0.60'], ['0.79', '0.66'], ['0.40', '0.53'], ['0.63', '0.46'], ['0.93', '0.66'], ['0.44', '0.53'], ['0.62', '0.50'], ['0.65', '0.53'], ['0.98', '0.64'], ['0.96', '0.65'], ['0.92', '0.66'], ['0.65', '0.49'], ['0.43', '0.66'], ['0.73', '0.64'], ['0.78', '0.65'], ['0.67', '0.37'], ['0.94', '0.65'], ['0.78', '0.64'], ['0.79', '0.68'], ['0.43', '0.57'], ['0.78', '0.68'], ['0.56', '0.59'], ['0.44', '0.65'], ['0.45', '0.60'], ['0.37', '0.66'], ['0.64', '0.40'], ['0.40', '0.50'], ['0.19', '0.35'], ['0.84', '0.67'], ['0.62', '0.50'], ['0.58', '0.49'], ['0.25', '0.37'], ['0.45', '0.49'], ['0.95', '0.65'], ['0.39', '0.67'], ['0.10', '0.36'], ['0.26', '0.35'], ['0.61', '0.43'], ['0.77', '0.63'], ['0.74', '0.64'], ['0.39', '0.68'], ['0.46', '0.53'], ['0.65', '0.43'], ['1.00', '0.64'], ['0.40', '0.49'], ['0.42', '0.62'], ['0.22', '0.56'], ['0.26', '0.39'], ['0.26', '0.36'], ['0.65', '0.54'], ['0.42', '0.63'], ['0.62', '0.46'], ['0.06', '0.54'], ['0.99', '0.64'], ['0.11', '0.36'], ['0.65', '0.44'], ['0.81', '0.52'], ['0.02', '0.38'], ['0.38', '0.66'], ['0.28', '0.40'], ['0.42', '0.56'], ['0.80', '0.52'], ['0.62', '0.37'], ['0.62', '0.38'], ['0.83', '0.66'], ['0.09', '0.37'], ['0.98', '0.47'], ['0.97', '0.49'], ['0.49', '0.44'], ['0.86', '0.57'], ['0.66', '0.35'], ['0.21', '0.56'], ['0.60', '0.53'], ['0.82', '0.48'], ['0.66', '0.36'], ['0.25', '0.34'], ['0.40', '0.53'], ['0.52', '0.64'], ['0.21', '0.36'], ['0.83', '0.47'], ['0.62', '0.47'], ['0.05', '0.38'], ['0.24', '0.51'], ['0.30', '0.38'], ['0.73', '0.12'], ['0.26', '0.37'], ['0.21', '0.60'], ['0.04', '0.38'], ['0.43', '0.53'], ['0.75', '0.69'], ['0.31', '0.39'], ['0.61', '0.44'], ['0.67', '0.38'], ['0.45', '0.13'], ['0.82', '0.43'], ['0.38', '0.65'], ['0.81', '0.38'], ['0.64', '0.40'], ['0.23', '0.51'], ['0.55', '0.55'], ['0.65', '0.50'], ['0.41', '0.59'], ['0.64', '0.14'], ['0.56', '0.59'], ['0.49', '0.34'], ['0.88', '0.65'], ['0.95', '0.48'], ['0.60', '0.13'], ['0.33', '0.19'], ['0.91', '0.67'], ['0.31', '0.38'], ['0.61', '0.56'], ['0.82', '0.43'], ['0.67', '0.35'], ['0.44', '0.47'], ['0.35', '0.12'], ['0.00', '0.65'], ['0.88', '0.27'], ['0.09', '0.53'], ['0.06', '0.38'], ['0.25', '0.64'], ['0.94', '0.51'], ['0.68', '0.12'], ['0.57', '0.58'], ['0.22', '0.60'], ['0.23', '0.51'], ['0.45', '0.59'], ['0.80', '0.39'], ['0.98', '0.44'], ['0.09', '0.59'], ['0.91', '0.33'], ['0.95', '0.45'], ['0.09', '0.55'], ['0.81', '0.39'], ['0.98', '0.22'], ['0.95', '0.42'], ['0.80', '0.38'], ['0.29', '0.34'], ['0.96', '0.22'], ['0.44', '0.41'], ['0.91', '0.21'], ['0.30', '0.84'], ['0.78', '0.14'], ['0.24', '0.65'], ['0.24', '0.51'], ['0.97', '0.27'], ['0.47', '0.45'], ['0.73', '0.86'], ['0.12', '0.35'], ['0.29', '0.12'], ['0.94', '0.54'], ['0.58', '0.61'], ['0.31', '0.16'], ['0.88', '0.73'], ['0.90', '0.33'], ['0.38', '0.90'], ['0.48', '0.45'], ['0.48', '0.40'], ['0.71', '0.83'], ['0.08', '0.37'], ['0.55', '0.74'], ['0.06', '0.60'], ['0.58', '0.57'], ['0.02', '0.49'], ['0.02', '0.52'], ['0.58', '0.81'], ['0.43', '0.33'], ['0.49', '0.38'], ['0.55', '0.89'], ['0.55', '0.35'], ['0.55', '0.64'], ['0.02', '0.55'], ['0.92', '0.21'], ['0.69', '0.89'], ['0.01', '0.39'], ['0.62', '0.70'], ['0.02', '0.58'], ['0.60', '0.88'], ['0.54', '0.34'], ['0.06', '0.57'], ['0.27', '0.89'], ['0.64', '0.89'], ['0.61', '0.62'], ['0.52', '0.21'], ['0.37', '0.21'], ['0.05', '0.51'], ['0.12', '0.76'], ['0.49', '0.13']]"
"['Q','♥']",191,"[['0.99', '0.27'], ['0.92', '0.27'], ['0.75', '0.65'], ['0.95', '0.52'], ['0.99', '0.24'], ['0.93', '0.24'], ['0.49', '0.42'], ['0.98', '0.51'], ['0.56', '0.40'], ['0.99', '0.24'], ['0.49', '0.60'], ['0.56', '0.58'], ['0.59', '0.64'], ['0.61', '0.37'], ['0.57', '0.61'], ['0.99', '0.57'], ['0.55', '0.41'], ['0.94', '0.58'], ['0.83', '0.11'], ['0.48', '0.61'], ['0.07', '0.45'], ['0.86', '0.59'], ['0.92', '0.26'], ['0.46', '0.62'], ['0.49', '0.60'], ['0.76', '0.10'], ['0.45', '0.64'], ['0.85', '0.66'], ['0.21', '0.31'], ['0.47', '0.38'], ['0.71', '0.56'], ['0.50', '0.59'], ['0.18', '0.35'], ['0.97', '0.63'], ['0.85', '0.59'], ['0.58', '0.62'], ['0.09', '0.43'], ['0.74', '0.59'], ['0.48', '0.40'], ['0.82', '0.61'], ['0.06', '0.42'], ['0.29', '0.38'], ['0.58', '0.63'], ['0.56', '0.60'], ['0.06', '0.38'], ['0.80', '0.18'], ['0.85', '0.69'], ['0.97', '0.59'], ['0.48', '0.40'], ['0.57', '0.62'], ['0.77', '0.24'], ['0.49', '0.62'], ['0.04', '0.76'], ['0.58', '0.45'], ['0.61', '0.65'], ['0.19', '0.32'], ['0.58', '0.38'], ['0.21', '0.36'], ['0.48', '0.41'], ['0.59', '0.62'], ['0.90', '0.63'], ['0.47', '0.63'], ['0.58', '0.39'], ['0.57', '0.59'], ['0.58', '0.60'], ['0.48', '0.43'], ['0.12', '0.75'], ['0.96', '0.56'], ['0.56', '0.59'], ['0.89', '0.30'], ['0.56', '0.10'], ['0.99', '0.54'], ['0.96', '0.53'], ['0.48', '0.62'], ['0.05', '0.50'], ['0.46', '0.40'], ['0.19', '0.42'], ['0.44', '0.37'], ['0.66', '0.39'], ['1.00', '0.51'], ['0.83', '0.61'], ['0.60', '0.37'], ['0.89', '0.60'], ['0.34', '0.46'], ['0.83', '0.65'], ['0.86', '0.62'], ['0.29', '0.36'], ['0.56', '0.42'], ['0.09', '0.40'], ['0.56', '0.71'], ['0.81', '0.16'], ['0.12', '0.79'], ['0.51', '0.58'], ['0.54', '0.44'], ['0.17', '0.42'], ['0.51', '0.58'], ['0.34', '0.69'], ['0.74', '0.10'], ['0.56', '0.58'], ['0.65', '0.62'], ['0.44', '0.68'], ['0.46', '0.37'], ['0.66', '0.62'], ['0.04', '0.79'], ['0.77', '0.41'], ['0.04', '0.47'], ['0.48', '0.42'], ['0.96', '0.62'], ['0.46', '0.39'], ['0.56', '0.40'], ['0.61', '0.57'], ['0.24', '0.86'], ['0.93', '0.62'], ['0.08', '0.37'], ['0.75', '0.64'], ['0.76', '0.44'], ['0.78', '0.69'], ['0.17', '0.39'], ['0.64', '0.60'], ['0.75', '0.60'], ['0.21', '0.41'], ['0.29', '0.91'], ['0.06', '0.76'], ['0.73', '0.68'], ['0.35', '0.65'], ['0.51', '0.23'], ['0.68', '0.10'], ['0.12', '0.37'], ['0.76', '0.66'], ['0.21', '0.90'], ['0.73', '0.36'], ['0.27', '0.62'], ['0.31', '0.65'], ['0.58', '0.40'], ['0.49', '0.30'], ['0.37', '0.91'], ['0.66', '0.64'], ['0.14', '0.41'], ['0.06', '0.78'], ['0.31', '0.42'], ['0.95', '0.64'], ['0.66', '0.10'], ['0.41', '0.23'], ['0.43', '0.45'], ['0.93', '0.64'], ['0.04', '0.44'], ['0.43', '0.54'], ['0.76', '0.61'], ['0.61', '0.56'], ['0.41', '0.62'], ['0.78', '0.40'], ['0.54', '0.44'], ['0.69', '0.67'], ['0.63', '0.60'], ['0.50', '0.16'], ['0.74', '0.36'], ['0.79', '0.71'], ['0.54', '0.42'], ['0.28', '0.35'], ['0.46', '0.51'], ['0.55', '0.43'], ['0.47', '0.56'], ['0.75', '0.63'], ['0.42', '0.66'], ['0.61', '0.42'], ['0.49', '0.44'], ['0.59', '0.44'], ['0.92', '0.64'], ['0.30', '0.66'], ['0.72', '0.15'], ['0.69', '0.37'], ['0.68', '0.64'], ['0.69', '0.37'], ['0.45', '0.58'], ['0.44', '0.60'], ['0.61', '0.58'], ['0.28', '0.78'], ['0.29', '0.38'], ['0.75', '0.47'], ['0.64', '0.71'], ['0.21', '0.40'], ['0.12', '0.76'], ['0.15', '0.14'], ['0.72', '0.64'], ['0.25', '0.83'], ['0.86', '0.68'], ['0.29', '0.37'], ['0.49', '0.90'], ['0.41', '0.43'], ['0.90', '0.62'], ['0.83', '0.69']]"
"['Q','♦']",191,"[['0.61', '0.49'], ['0.63', '0.48'], ['0.45', '0.54'], ['0.51', '0.54'], ['0.41', '0.53'], ['0.36', '0.55'], ['0.39', '0.52'], ['0.62', '0.54'], ['0.63', '0.51'], ['0.39', '0.54'], ['0.51', '0.48'], ['0.79', '0.60'], ['0.39', '0.48'], ['0.55', '0.48'], ['0.59', '0.49'], ['0.72', '0.52'], ['0.56', '0.54'], ['0.75', '0.57'], ['0.60', '0.48'], ['0.05', '0.47'], ['0.75', '0.49'], ['0.96', '0.58'], ['0.72', '0.55'], ['0.43', '0.52'], ['0.89', '0.45'], ['0.27', '0.44'], ['0.44', '0.50'], ['0.64', '0.50'], ['0.48', '0.48'], ['0.57', '0.48'], ['0.39', '0.51'], ['0.58', '0.70'], ['0.45', '0.48'], ['0.92', '0.60'], ['0.66', '0.47'], ['0.48', '0.54'], ['0.42', '0.48'], ['0.98', '0.29'], ['0.30', '0.50'], ['0.22', '0.42'], ['0.12', '0.73'], ['0.87', '0.63'], ['0.86', '0.63'], ['0.27', '0.53'], ['0.60', '0.52'], ['0.29', '0.47'], ['1.00', '0.56'], ['0.64', '0.71'], ['0.42', '0.54'], ['0.70', '0.71'], ['0.53', '0.54'], ['0.59', '0.54'], ['0.99', '0.56'], ['0.59', '0.36'], ['0.86', '0.51'], ['0.85', '0.41'], ['0.83', '0.44'], ['0.93', '0.60'], ['0.58', '0.71'], ['0.42', '0.49'], ['0.38', '0.31'], ['0.08', '0.75'], ['0.89', '0.61'], ['0.61', '0.53'], ['0.65', '0.72'], ['0.96', '0.58'], ['0.44', '0.30'], ['0.93', '0.29'], ['0.38', '0.30'], ['0.93', '0.28'], ['0.82', '0.64'], ['0.89', '0.30'], ['0.79', '0.46'], ['0.52', '0.70'], ['0.86', '0.63'], ['0.97', '0.58'], ['0.69', '0.68'], ['0.11', '0.58'], ['0.52', '0.64'], ['0.86', '0.88'], ['0.87', '0.83'], ['0.33', '0.29'], ['0.28', '0.33'], ['0.22', '0.59'], ['0.96', '0.55'], ['0.16', '0.41'], ['0.88', '0.76'], ['0.14', '0.62'], ['0.64', '0.64'], ['0.76', '0.66'], ['0.93', '0.59'], ['0.52', '0.59'], ['0.03', '0.73'], ['0.03', '0.44'], ['0.93', '0.59'], ['0.93', '0.79'], ['0.31', '0.29'], ['0.44', '0.31'], ['0.80', '0.37'], ['0.31', '0.30'], ['0.72', '0.64'], ['0.47', '0.66'], ['0.80', '0.41'], ['0.86', '0.62'], ['0.87', '0.39'], ['0.45', '0.71'], ['0.14', '0.38'], ['0.80', '0.43'], ['0.69', '0.35'], ['0.03', '0.44'], ['0.63', '0.71'], ['0.91', '0.47'], ['0.73', '0.69'], ['0.40', '0.65'], ['0.41', '0.49'], ['0.65', '0.36'], ['0.38', '0.48'], ['0.59', '0.52'], ['0.91', '0.58'], ['0.01', '0.46'], ['0.73', '0.38'], ['0.70', '0.37'], ['0.67', '0.65'], ['0.21', '0.61'], ['0.10', '0.40'], ['0.11', '0.40'], ['0.34', '0.32'], ['0.50', '0.56'], ['0.47', '0.39'], ['0.66', '0.38'], ['0.52', '0.46'], ['0.64', '0.59'], ['0.42', '0.64'], ['0.77', '0.68'], ['0.64', '0.69'], ['0.53', '0.71'], ['0.70', '0.68'], ['0.94', '0.31'], ['0.40', '0.56'], ['0.08', '0.74'], ['0.59', '0.36'], ['0.33', '0.67'], ['0.74', '0.90'], ['0.61', '0.63'], ['0.64', '0.36'], ['0.13', '0.36'], ['0.43', '0.69'], ['0.48', '0.34'], ['0.33', '0.55'], ['0.19', '0.33'], ['0.15', '0.12'], ['0.67', '0.63'], ['0.75', '0.65'], ['0.65', '0.55'], ['0.41', '0.36'], ['0.66', '0.34'], ['0.68', '0.66'], ['0.15', '0.38'], ['0.07', '0.21'], ['0.41', '0.37'], ['0.07', '0.42'], ['0.70', '0.44'], ['0.34', '0.67'], ['0.15', '0.39'], ['0.54', '0.65'], ['0.43', '0.34'], ['0.55', '0.39'], ['0.66', '0.68'], ['0.59', '0.33'], ['0.52', '0.68'], ['0.64', '0.35'], ['0.81', '0.68'], ['0.87', '0.40'], ['0.78', '0.65'], ['0.78', '0.69'], ['0.61', '0.67'], ['0.50', '0.43'], ['0.54', '0.68'], ['0.55', '0.65'], ['0.45', '0.68'], ['0.70', '0.66'], ['0.19', '0.34'], ['0.07', '0.42'], ['0.36', '0.64'], ['0.10', '0.44'], ['0.87', '0.85'], ['0.48', '0.63'], ['0.66', '0.67'], ['0.69', '0.46'], ['0.91', '0.59'], ['0.71', '0.69']]"
"['J','♥']",195,"[['0.56', '0.44'], ['0.61', '0.59'], ['0.59', '0.54'], ['0.57', '0.63'], ['0.57', '0.54'], ['0.50', '0.60'], ['0.46', '0.55'], ['0.64', '0.56'], ['0.76', '0.66'], ['0.61', '0.49'], ['0.67', '0.61'], ['0.63', '0.60'], ['0.76', '0.54'], ['0.71', '0.35'], ['0.60', '0.58'], ['0.48', '0.49'], ['0.46', '0.45'], ['0.55', '0.45'], ['0.51', '0.54'], ['0.61', '0.54'], ['0.44', '0.45'], ['0.60', '0.65'], ['0.50', '0.59'], ['0.48', '0.56'], ['0.59', '0.49'], ['0.46', '0.63'], ['0.34', '0.68'], ['0.49', '0.38'], ['0.56', '0.49'], ['0.51', '0.58'], ['0.36', '0.68'], ['0.57', '0.64'], ['0.61', '0.41'], ['0.53', '0.38'], ['0.58', '0.65'], ['0.74', '0.65'], ['0.69', '0.40'], ['0.24', '0.36'], ['0.78', '0.35'], ['0.70', '0.63'], ['0.59', '0.47'], ['0.31', '0.49'], ['0.50', '0.40'], ['0.56', '0.65'], ['0.39', '0.41'], ['0.33', '0.38'], ['0.54', '0.66'], ['0.54', '0.47'], ['0.34', '0.49'], ['0.50', '0.33'], ['0.50', '0.38'], ['0.81', '0.67'], ['0.40', '0.49'], ['0.65', '0.37'], ['0.80', '0.63'], ['0.44', '0.66'], ['0.34', '0.50'], ['0.54', '0.49'], ['0.81', '0.66'], ['0.97', '0.53'], ['0.68', '0.19'], ['0.67', '0.54'], ['0.36', '0.40'], ['0.31', '0.37'], ['0.45', '0.49'], ['0.50', '0.39'], ['0.68', '0.20'], ['0.43', '0.47'], ['0.66', '0.36'], ['0.43', '0.49'], ['0.73', '0.65'], ['0.43', '0.64'], ['0.72', '0.35'], ['0.24', '0.35'], ['0.68', '0.62'], ['0.46', '0.38'], ['0.39', '0.33'], ['0.47', '0.54'], ['0.42', '0.66'], ['0.38', '0.50'], ['0.53', '0.56'], ['0.63', '0.54'], ['0.63', '0.39'], ['0.46', '0.70'], ['0.43', '0.43'], ['0.53', '0.54'], ['0.72', '0.54'], ['0.76', '0.34'], ['0.30', '0.69'], ['0.36', '0.86'], ['0.39', '0.42'], ['0.63', '0.38'], ['0.67', '0.32'], ['0.61', '0.69'], ['0.50', '0.49'], ['0.31', '0.51'], ['0.84', '0.41'], ['0.48', '0.47'], ['0.38', '0.63'], ['0.57', '0.69'], ['0.26', '0.39'], ['0.97', '0.52'], ['0.61', '0.50'], ['0.40', '0.71'], ['0.59', '0.56'], ['0.39', '0.83'], ['0.30', '0.36'], ['0.46', '0.62'], ['0.70', '0.17'], ['0.67', '0.41'], ['0.56', '0.58'], ['0.56', '0.33'], ['0.86', '0.45'], ['0.93', '0.65'], ['0.72', '0.53'], ['0.91', '0.50'], ['0.45', '0.33'], ['0.99', '0.53'], ['0.67', '0.70'], ['0.75', '0.53'], ['0.92', '0.50'], ['0.66', '0.32'], ['0.87', '0.46'], ['0.61', '0.33'], ['0.84', '0.65'], ['0.89', '0.38'], ['0.94', '0.52'], ['0.87', '0.67'], ['0.61', '0.40'], ['0.63', '0.69'], ['0.45', '0.53'], ['0.33', '0.42'], ['0.86', '0.43'], ['0.39', '0.62'], ['0.84', '0.39'], ['0.40', '0.67'], ['0.13', '0.53'], ['0.69', '0.43'], ['0.07', '0.51'], ['0.88', '0.47'], ['0.74', '0.61'], ['0.57', '0.43'], ['0.39', '0.84'], ['0.50', '0.70'], ['0.61', '0.53'], ['0.82', '0.64'], ['0.85', '0.42'], ['0.07', '0.50'], ['0.00', '0.38'], ['0.44', '0.33'], ['0.79', '0.62'], ['0.21', '0.63'], ['0.89', '0.26'], ['0.20', '0.60'], ['0.69', '0.54'], ['0.17', '0.56'], ['0.85', '0.38'], ['0.76', '0.46'], ['0.35', '0.58'], ['0.87', '0.41'], ['0.21', '0.38'], ['0.80', '0.60'], ['0.96', '0.51'], ['0.14', '0.54'], ['0.81', '0.55'], ['0.90', '0.75'], ['0.56', '0.53'], ['0.03', '0.49'], ['0.37', '0.43'], ['0.51', '0.70'], ['0.21', '0.58'], ['0.80', '0.53'], ['0.18', '0.35'], ['0.82', '0.53'], ['0.17', '0.66'], ['0.91', '0.41'], ['0.92', '0.43'], ['0.80', '0.58'], ['0.74', '0.57'], ['0.31', '0.57'], ['0.81', '0.35'], ['0.24', '0.37'], ['0.82', '0.57'], ['0.15', '0.27'], ['0.73', '0.44'], ['0.99', '0.61'], ['0.34', '0.58'], ['0.89', '0.54'], ['0.05', '0.50'], ['0.72', '0.26'], ['0.72', '0.70'], ['0.79', '0.51'], ['0.74', '0.47'], ['0.91', '0.40'], ['0.36', '0.77']]"